query,clicks,impressions
obligación de crédito de dinero,1113,3607
televisión inteligente,401,1066
argentina vs francia en vivo,156,12158
argentina vs francia juegos olimpicos,538,128736
cuando juega argentina sub 23,121,12989
burlando,108,490
argentina voley,145,3282
resultado argentina vs francia,167,9146
las leonas,755,6693
loan hoy,313,1351
travis scott,169,4010
leones,169,1250
furia gran hermano,214,2332
los leones hockey,192,1880
voley juegos olimpicos,146,7011
loan,277,1509
francia vs argentina,351,44186
argentina vs alemania voley,124,2854
voley argentina,614,11383
gonzalo peillat,143,593
seleccion argentina,120,3213
ráfaga,117,599
los leones,1018,8045
argentina sub 23,124,6279
jjoo argentina,233,6102
los leones juegos olimpicos,376,6250
angela carini,104,1384
ministerio de capital humano de argentina,350,1153
ultimas noticias,328,1721
arg vs francia jjoo,120,4695
dolar blue hoy,384,12501
las leonas juegos olimpicos,386,5536
foto de loan en colombia,2348,18443
partido argentina,111,6025
selección de fútbol sub-23 de argentina,142,3234
dólar blue hoy minuto a minuto,173,1423
juegos olímpicos 2024,114,4809
gran hermano,124,1339
los leones,218,1759
juegos olimpicos futbol argentina,192,3165
seleccion sub 23,228,6169
boxeo femenino olimpico,140,1647
imane khelif,347,6909
playstation 4,240,430
argentina vs francia jjoo,257,7374
administración nacional de la seguridad social,4110,9957
torneo preolímpico sudamericano sub-23,871,1737
registro del automotor,350,834
todo noticias,177,236
boxeadora,212,1620
anonymous,209,2368
venezuela,345,3683
viento,121,384
patente,512,1253
mario fassi,279,3781
leonas juegos olimpicos,129,3719
argentina francia,172,2701
ford maverick pickup,797,1377
que dijo milei de la boxeadora,132,332
yerba cosmico,235,2029
julieta poggio,558,1788
las leonas juegos olimpicos,105,1446
los leones juegos olimpicos,123,2495
gallardo,442,6566
selección de fútbol de francia,140,275
las leonas,2005,42068
juegos olimpicos,185,6404
sub 23,290,3673
anonymous venezuela,153,1202
boxeadora argelina,869,6167
ultimas noticias,298,1775
juegos olimpicos boxeo femenino,118,1205
river,229,12292
caso loan,120,2174
boxeo femenino olimpico,315,2078
marina señuk,110,596
las leonas,340,8910
imane khelif,137,1453
fabri maida,383,1084
mercado negro de divisas,396,2086
playstation 4,151,225
playstation 4,225,395
anonymous venezuela,253,2874
cheque escolar,110,186
belen casetta,365,3284
daniela celis y thiago medina,370,2506
argentina vs alemania hockey,220,5351
asesinaron a la viuda de un desaparecido,202,393
keenan hockey,124,637
independiente,174,8425
luana alonso,201,9321
universidad de buenos aires,158,223
voucher educativo agosto 2024 fecha de cobro,185,505
los leones,1642,29537
gonzalo peillat,3328,57916
accidente colectivo florencio varela,181,5890
cesar peña hermano de loan,107,658
thiago medina,207,7071
argentina alemania hockey,275,9266
la casa del dragón,169,682
djokovic,329,25143
peillat,327,4633
fiat cronos,112,231
la casa del dragón temporada 3,181,1387
flor habif,222,629
depósito a plazo fijo,130,2351
luana alonso que hizo,114,276
luana alonso,204,2111
tasa de interés,479,879
zac efron,544,13399
meza river,116,421
boca,290,83750
river,125,2942
foto de loan en colombia,308,4292
jean-philippe mateta,4896,12017
luana alonso,1944,15370
hockey masculino,193,6471
loan en colombia,410,6889
florencia habif,598,2523
gonzalo peillat,105,2676
cometa,583,1059
luana alonso,193,1735
luana alonso que hizo,117,251
jean-philippe mateta,239,636
luana alonso que hizo,144,577
jean-philippe mateta,117,308
jean-philippe mateta,247,506
jean-philippe mateta,193,441
todo noticias,124,200
amor,287,641
tanga de encaje chiste,109,338
supermercado,5551,19155
james,140,3244
riquelme se enojo y se fue,107,257
mañana hay paro de colectivos en buenos aires,158,2000
ultimas noticias,152,1230
sofia pacchi,264,6484
thiago batistuta,133,2936
james rodríguez a river,233,5945
chavo fucks,116,608
límite de edad,225,656
mercado negro de divisas,2405,8229
river plate,321,37658
pancakes de avena,108,521
boca,497,24265
noticias de hoy,109,1811
river,179,3233
river,368,22315
21 de agosto,456,1195
dónde mirar fortaleza esporte clube contra rosario central,126,3435
empanada,827,1372
todo noticias,218,465
empréstito,926,1876
sábana,242,402
celebridad de internet,129,594
james rodríguez river,226,27650
promiedos,219,102846
diésel,163,493
river,2170,710208
quien es el americano en el caso loan,259,2578
club atlético river plate,459,3061
dolar blue hoy,330,9184
san lorenzo,349,11599
james rodríguez,364,9398
roxana vázquez,229,381
red sube,124,347
julieta scazzino,315,1815
cavani,219,5910
german kiczka,288,2227
anses,7560,21829
se levantó el paro de colectivos hoy,245,2432
desaparición de loan peña,104,6770
marcelo gallardo,120,12280
loan,210,5787
river vs talleres,237,74755
john travolta en bariloche,168,833
váucher,141,215
obligación de crédito de dinero,766,2318
todo noticias,302,426
televisión,187,425
televisión inteligente,608,1714
que paso con la boxeadora italiana,107,690
argentina francia,408,5964
fabrimaida,186,426
las leonas hoy,358,5138
los leones,201,5472
imane khelif,893,19294
toyota hilux,125,382
imane khelif,2811,78779
mario fassi humorista,133,1818
lluvia,476,1503
peugeot 208,447,3584
yerba mate cosmico,177,1475
selección de fútbol de argentina,2275,36797
suaf agosto 2024,2755,9544
leonas,317,5870
accidente panamericana,154,2825
asignación universal por hijo,211,2867
las leonas juegos olimpicos,1015,14223
juegos olimpicos 2024,164,7161
boxeadora trans,208,1727
milei,108,1611
billetera digital,171,2440
selección de fútbol sub-23 de argentina,835,2264
noticias de hoy,194,1851
khelif,172,5988
leones hockey,109,1468
matias garfunkel,220,3426
playstation 4,127,203
playstation 4,183,289
motor,114,252
anonymous,328,3606
tania bruno,242,711
dólar estadounidense,163,449
registro del automotor,229,782
billetero,811,1281
todo noticias,353,479
advertencia del capitán,269,709
tania bruno,400,1242
temperatura,108,9467
impuesto,156,334
river,319,10445
argentina francia,306,17658
porque hay humo en la ciudad hoy,104,208
julieta prandi,149,1999
a que hora juega argentina sub 23,345,9057
voucher educativo agosto 2024,475,11021
las leonas,194,1106
argentina jjoo,259,6931
pizza,487,912
furia,176,2359
elena mukhina,116,1585
juegos olimpicos 2024,127,8454
toyota hilux,188,792
loan peña,210,1029
de que murio cris miro,262,1825
humo en la ciudad hoy,117,256
vehículo,587,2110
humo en caba,207,381
loan en colombia,2963,15825
incendio buenos aires,252,1005
argentina seleccion,186,5926
argentina francia sub 23,509,12989
voley argentina juegos olimpicos,107,3276
argentina vs francia,4942,619734
noticias de hoy,197,1350
boxeo juegos olimpicos,354,2906
argentina vs francia,899,57582
patente,6249,20579
argentina francia juegos olimpicos,161,8908
catalina gutierrez,152,1333
loan,464,2985
loan danilo peña,455,2195
humo en la ciudad hoy 2024,103,431
boxeadora argelina,175,2845
jorge lanata,177,892
argentina vs francia sub 23,914,40023
loan en colombia foto,225,1483
mauro icardi,183,791
"dólar blue hoy, minuto a minuto",123,1688
ultimas noticias,126,951
señales de tráfico,105,239
dólar estadounidense,493,2188
billetero,115,175
motor,114,267
meteorología,146,666
ultimas noticias,144,1130
alejandro gawianski,153,915
cheque escolar,184,348
suaf,708,2366
dolar blue,133,9022
loan,499,8462
catalina gutierrez,177,1014
ministerio de capital humano de argentina,348,728
juegos olímpicos 2024,414,30345
francia vs argentina sub 23,164,2992
ráfaga,174,512
marcelo gallardo,241,10363
pizza,268,456
argentina sub 23,570,22782
netflix,148,511
maligno torres,189,17566
noticias de hoy,159,1321
boxeo juegos olimpicos,516,6145
angela carini,201,3175
playstation 4,472,1203
voucher educativo agosto 2024,106,2382
boxeadora italiana,131,1615
evaluna montaner,104,1388
auh y alimentar agosto 2024,146,4987
garnacho,108,2089
pelea de boxeo juegos olimpicos,132,1615
leonas hoy,181,3758
dolar blue hoy,388,29006
señales de tráfico,414,1168
playstation 4,569,947
toyota tundra,101,370
asignatura,285,385
banco hipotecario,105,141
billetero,595,912
todo noticias,336,501
toyota sw4,317,849
los leones juegos olimpicos,334,15740
noticias de hoy,163,893
porque peillat juega para alemania,102,337
los leones,161,2539
cris miro de que murio,154,801
que paso con gonzalo peillat,197,427
franco russo zarate,173,394
nadadora paraguaya luana alonso,129,1359
jugador de hockey argentino que juega para alemania,212,847
voucher educativo,140,2552
de que murio cris miro,284,1951
florencia habif,148,569
gol de bou,128,539
interés,617,1259
selección de fútbol de francia,244,718
las leonas,200,2101
los leones vs alemania,1212,16550
juegos olímpicos 2024,205,21193
house of the dragon,219,7111
peillat porque juega en alemania,108,424
imane khelif,364,2947
leda bergonzi,1133,10082
loan hoy,117,827
lin yu-ting,116,1366
selección de fútbol de argentina,2113,4750
alberto fernandez fabiola yañez,108,5102
peillat hockey,222,1727
boxeadora argelina,550,4928
marcelo gallardo,118,9410
loan danilo peña,326,2420
jean-philippe mateta,116,274
selección de fútbol de argentina,110,333
jean-philippe mateta,365,860
la casa del dragón,108,144
fase,136,260
facultad de medicina de la universidad de buenos aires,103,148
cuando se cobra el voucher en agosto,565,1202
instituto nacional de estadística y censos - indec argentina,288,497
empleo,226,381
cuando pagan el voucher en agosto,248,455
todo noticias,126,217
jasmín,111,135
orgullo y prejuicio puesto de diarios,101,209
8/8/8,145,682
fotos de fabiola yañez con moretones en la cara,101,1179
orgullo y prejuicio libro puesto de diarios,152,490
libro orgullo y prejuicio diario,148,304
fecha de pago voucher educativo agosto,812,1449
boca,525,22396
mateo majdalani,103,3584
ciclon buenos aires,790,3757
german kiczka,730,2021
facundo conte,107,510
medalla de plata argentina,165,1740
homero pettinato,796,5160
selección de fútbol de argentina,170,1777
ultimas noticias,241,1413
jose glinski,126,690
noticias de hoy,139,1206
voucher educativo: cuando pagan,1142,2013
estados unidos basquet,406,2605
voucher educativo agosto 2024,410,1009
imane khelif,101,1347
voucher educativo,835,6932
gas,123,2411
anses,676,3522
ipc julio 2024,107,968
orgullo y prejuicio,115,2627
leonas,527,3280
tamara pettinato alberto fernandez,136,4004
peugeot 208,210,2074
river,772,34219
voucher educativo 2024,101,469
franco serrano,109,1124
whatsapp,1853,9093
river,125,3398
orgullo y prejuicio,1003,13260
orgullo y prejuicio,285,2737
luana alonso,278,5253
las leonas,1798,8397
gonzalo peillat,351,5100
dolar blue,167,15530
fecha de cobro voucher educativo agosto 2024,188,856
ciclogénesis que es,109,1315
inflacion julio 2024,365,3529
peillat,367,4255
tamara pettinato,360,3382
tamara pettinato pareja,288,2005
ciclogenesis,115,1760
river plate,119,2997
juegos olímpicos 2024,116,13432
las leonas juegos olimpicos,784,3171
tren roca,139,755
luana alonso,724,7689
ciclon,437,3638
orgullo y prejuicio,134,387
portal 8 8 2024,190,1749
las leonas,267,1329
rafael nadal,266,922
todo noticias,305,516
educación,378,562
obligación de crédito de dinero,726,1694
orgullo y prejuicio puesto de diarios,128,395
administración nacional de la seguridad social,118,386
voucher educativo agosto 2024 fecha de cobro,163,449
orgullo y prejuicio diario,147,348
tamara pettinato edad,138,2920
robo del siglo san isidro,129,1152
mercado negro de divisas,477,1695
orgullo y prejuicio libro,227,1863
german kiczka,151,469
tamara pettinato,176,7096
fabiola,206,7931
peillat,141,1155
voucher educativo agosto 2024 cuando se cobra,5015,9824
leonas,103,592
fotos de fabiola yañez con moretones en la cara,275,2137
iphone 16,164,2024
ciclogénesis,312,5301
tunel san isidro,499,8538
tunel san isidro,137,1873
alberto fernández,210,4478
rocio fernandez mar del plata,498,2402
inflacion julio 2024,234,1828
cheque escolar,540,882
imane khelif,329,6479
auh y alimentar agosto 2024,195,4716
peillat,118,487
fabiola golpeada,332,5874
supermercado,240,3340
sandra borghi,107,4162
pettinato tamara,124,1416
franco serrano,212,2441
ciclogenesis que es,103,1163
fotos de fabiola,309,4317
libro orgullo y prejuicio,239,1807
tormenta buenos aires,225,481
fecha de cobro voucher educativo agosto,153,1614
tamara pettinato,2159,31938
tamara pettinato,262,28615
suaf,114,718
gonzalo peillat,136,1261
messi,248,5530
fabiola golpeada,315,2789
dolar blue hoy,238,10158
portal 888,201,4793
crédito,551,1388
obrero,431,719
eutanasia,845,7660
clasificacion f1 monza 2024,136,3907
colapinto clasificacion,118,4025
formula 1,855,21773
cuando corre colapinto,151,4673
javier acosta,703,7751
caso loan,638,3390
ana ortiz,171,1191
los pumas,266,6856
juan izquierdo,217,9896
facu soto,200,1061
ultimas noticias,242,1110
boleto de colectivo caba 2024,118,3462
clasificacion f1 monza,579,15625
f1 monza,123,7234
franco colapinto,744,55210
falleció julian ortega actor elite,929,8307
dolar blue,113,8058
asignación universal por hijo,284,711
empanada,207,387
inversión,279,546
todo noticias,200,396
"christian dior, s. a.",153,400
diésel,571,1833
expulsion advincula,560,2544
que canal transmite boca hoy,149,2130
us open,139,10720
mercado negro de divisas,3359,12194
juan ignacio bettolli nigeria,103,1569
boca clasificó al mundial de clubes,118,997
cris morena day,105,212
river,118,2078
river,151,5373
padre grassi,124,9756
expulsion de advincula hoy,317,1192
red sube,104,227
mundial de clubes,1393,10250
cruzeiro - boca juniors,105,3907
paro de colectivos 22 y 23 de agosto amba,103,1123
boca hoy,170,11938
expulsión de advíncula,111,708
lorenzo natali,106,2595
boca,3021,617849
copa sudamericana 2024,109,20315
juan izquierdo,187,7784
dybala,208,12496
diego schwartzman,137,9694
paulo dybala,111,7584
boca juniors,279,23918
incendio la plata,155,1482
izquierdo,114,518
jugador de nacional,130,1628
mercado negro de divisas,633,2623
administración nacional de la seguridad social,113,304
franco russo,245,489
leones hockey,167,5096
river,1451,218230
4 de agosto,359,852
leones,176,3552
las leonas,1973,19512
accidente ascensor bariloche,494,2817
gonzalo peillat,337,2069
tormenta,175,4217
gonzalo peillat,533,7366
nicolas keenan,168,2240
julian alvarez,222,3377
leda bergonzi cuanto cobra,166,796
boca vs barracas,114,38588
peillat,1749,28165
house of the dragon temporada 3,245,1277
caso loan hoy,444,2336
los leones hockey,269,6285
venezuela,201,3522
leones vs alemania,416,9091
frío,182,421
ministerio de capital humano de argentina,3030,5364
leonas,607,8277
peillat,266,1438
ultimas noticias,243,1199
club atlético river plate,411,2259
elena mukhina,183,2526
loan,160,768
loan,2865,14714
anses,108,3717
marcelo tinelli,208,1282
caso loan,592,4460
loan,137,1167
desaparición de loan peña,176,2787
jean-philippe mateta,902,1879
jean-philippe mateta,110,301
todo noticias,178,209
pruebas libres f1,333,1394
periodista que entrevisto a colapinto,120,1099
floricienta,212,12703
obrero,508,898
el carnicero de giles,109,913
lorena gonzalez gh,214,8683
formula 1,169,2839
el carnicero de giles,938,6745
juan izquierdo,225,15800
lorena del valle gonzález,138,4623
pronóstico del tiempo,320,760
club atlético boca juniors,142,309
formula 1,467,7932
"dólar blue hoy, minuto a minuto",112,2088
lorena del valle gonzález,103,2464
tormenta de santa rosa 2024,156,4188
lorena gonzalez del valle,183,6334
el carnicero de giles quien es,200,1382
iphone 16,107,2570
colapinto hoy,251,9085
lorena gonzalez gh,689,10682
schumacher,263,3374
f1 practicas,153,713
dolar blue hoy,240,6120
servicio meteorológico nacional,376,31346
skynet,144,1175
asignación universal por hijo,478,3101
reynaldo flehr,245,991
colapinto,146,1741
pruebas libres f1 monza,198,873
selección de fútbol de argentina,391,2908
falleció julian ortega actor elite,102,4302
powerball,291,1114
obrero,265,501
todo noticias,170,220
motocicleta,335,773
adolescente se suicida en longchamps,149,465
escándalo,619,2726
ex gran hermano novia de alberto fernandez,153,456
kiczka,194,2722
noticias de hoy,158,1616
honda,201,660
servicio meteorológico nacional,618,25708
melina de piano,120,725
dolar blue hoy,126,5829
video adolescente longchamps,296,1799
caso loan,102,1544
juan gil navarro,184,2742
cronograma de pago septiembre 2024,2244,6204
chacho alvarez,498,5620
suaf,170,1551
auh y alimentar septiembre 2024,124,4872
entrevista a colapinto,149,301
franco colapinto,204,4809
noticias de hoy,185,2140
boca juniors,118,5110
auh septiembre 2024,122,4151
juan izquierdo,126,1922
skynet,188,1616
franco colapinto,381,12310
loan,109,1208
quien es la periodista que entrevisto a colapinto,108,476
colectivos de buenos aires,188,877
noticias,133,2140
el carnicero de giles,139,949
cris morena day,125,4430
tormenta de santa rosa,119,1758
asignatura,182,255
escándalo,365,2019
crédito,1251,2834
di maría,587,2123
carnicero de giles que hizo,122,617
practicas f1,167,716
mercado negro de divisas,3065,10240
julian ortega,404,15196
lorena gonzalez del valle,218,1195
christine gz,412,12053
julian ortega actor elite,189,3081
colapinto monza,213,2132
practicas f1 monza,146,1566
ultimas noticias,145,1191
pruebas f1 monza,152,553
auh y alimentar septiembre 2024,170,1918
colapinto,395,4802
santa rosa tormenta,183,11190
tarjeta alimentar septiembre 2024,1989,9163
carnicero de giles,393,2709
loan,125,2100
eutanasia,204,3521
noticias de hoy,113,3306
facundo soto,216,757
quien es la periodista que entrevisto a colapinto,362,1184
boca,308,13825
tormenta santa rosa 2024,200,7102
romina yan muerte,117,1346
flor bertotti,151,2072
desaparición de loan peña,102,2017
tipos de gentileza,101,1376
melina de piano,109,1266
el encargado temporada 3 capitulo 8,144,361
lorena gonzales del valle,116,582
fenómeno,115,472
cuando se cobra el voucher en agosto,257,512
tasa de interés,131,256
primera esposa de alberto fernández,859,6694
voucher educativo agosto 2024 fecha de pago,119,456
benjamin william laskey,185,2430
voucher educativo agosto 2024 cuando se cobra,449,1175
noticias de hoy,233,1292
videos de alberto fernandez,156,1608
alberto fernández ascensor,152,3143
manchester city vs. manchester united,239,66719
alberto fernandez video ascensor,127,1703
jose glinski,406,2526
aerolíneas argentinas,240,1346
manchester city - manchester united,201,127854
boxeadora argelina,196,2312
boca vs independiente rivadavia,218,65848
rocio fernandez mar del plata,250,629
voucher educativo,1038,4975
úrsula vargues,112,776
estanislao fernandez,465,3341
ursula vargues,253,601
fabiola,316,5682
yanina venturini,734,4003
video de flor peña y alberto fernandez,134,1377
video de alberto fernandez y florencia peña,169,1262
ursula vargues,203,1799
noticias,156,885
video tamara pettinato,222,2572
ultimas noticias,277,1461
iphone 16,161,2050
alberto fernandez,226,1891
voucher educativo: cuando pagan,348,769
fabiola yañez,177,9171
loan,181,1632
dyhzy,363,1459
flor peña y alberto fernandez video,155,1792
florencia peña y alberto fernandez,378,2447
anses,142,1103
interés,193,361
todo noticias,122,192
educación,236,541
boca cruzeiro,103,5628
nacional,101,5229
límite de edad,159,465
mazzacane,101,1436
boca,326,52937
pickup,246,471
mundial de clubes,176,1353
river plate,160,8970
messi,106,6487
luis_advíncula,26461,101079
edith hermida,126,748
quien transmite boca hoy,112,713
robocalling,250,2897
advincula expulsado,766,2562
ypf la plata,465,1841
universidad de buenos aires,208,401
